id,name
1ui9E1Svas60ri9exq4XCT,kami xxvoice
62AWrGiPFHTdnLN1Lzxjno,Horizon Tunes
04KukyCGwGzV7OphBeN5qa,J Bumi
0QTmurxKiwTJdbsvzR6pJi,Hollow Ember
6RFklxKvT8Ulmv7lWID1t3,Shadows Awake
2JUTGg9txxR3B3acyTlFp7,Matthewâ€™s Silent Chapter
2lGM5OCIrdO8VK5Pdt6QgX,Raven Knight
7g3bRmsB1rFJKQXCQB3Kgx,Kim X
1jAU6BvB2NoJEv3K23AAob,Gogy
0JhyWaGUfjpC2gm0pv9vGr,Asvara
5dAhkZl09goQjYlNaTNOOt,Rey&Rey
5dt8gRLDwIgSS0uwxvxqqJ,AngelofAnarchy
7M3FZ9zfhnYIwg4MzDccSz,Mika Akakuma
12jCGsTve2SG5DBcNKkGlQ,Echo Harper
7xDFi8dW3QLrTiuP1OyZrm,Underworld Vibes
7J1M3xSog7wMHMWe6WiLHG,Grimdark Tavern
0Yv8vhih8fGBPB4XgARXo1,Full Metal Patriot
7y25aQ8W1jYhdkTdDdiUjH,Karavirs
07XIuuPrpw0kcGrJApsbQp,Deathly Hours
4xk4YzPhEw1csQwvRfs3Lh,Luminary Flux
7p9c2UBqYagnd5aoNEeupC,The Devil Inside
1rE5lFciclbNo2P4WGvKAp,Ministry of Dark
2QKHU2aU2m7dW6fBPuwZGa,Ayla - Chan
0j72W838x3uWuqEQnWVFKD,Sampsa Kares
3vV6kgqJHi1rg46i4Iwzr1,Masters of Prophecy
4giUCuob7KQttfJNM36qFb,KamNox
40YWQY4KWFMdNHtbYT49Eu,GhostWriteKing
7pir7W98JXhv4I7zYLUaSr,Aria Byte
3lo4fh3URRdOcEiCnmOcz8,Luna Veex
34uYCfmKkC1KFeu8LXLrTM,Sailor.EXE
5NeuFneXbBCIxbvYGwSdpJ,Medusa Cascade
4ZSPmjprPFZwIn2yiL5SgG,Serenity's Soul Music AI
6IU9SrkKQPhkpD03PZzUeP,Machina Aeon
4BELZhMjQmouCeRsOSfEl2,RavenHeart
7orQQW5D3Ij2qIopUsdNVs,ToonFanatic
6wkcDg1ZWTbCGW5cUPdZ4A,Soul`s Cry
1SAGsBTFLivAFYaBARyRCm,cattpur
0pyoFB4Ii4JUag5Gqt9ssJ,Merciless Cult
5FX4xIVa1Rp14ru695666a,Inferisborn
0ErHX9fB6k24Rd7q0Fd1Lv,Almost Metal
2lXT7wYB0cZXsOaddbx5ZZ,Nika
2ohbNcJ4nbwEbWFuruSX9C,FAKE MUSIC
5iDxkYqkajjBahsudnNB0H,Bibimo
61dxHbNFJltIq7jareRTCI,Varnox
